<?xml version="1.0"?>
<config xmlns:xsi="http://www.w3.org/2001/XMLSchema-instance" xsi:noNamespaceSchemaLocation="urn:magento:framework:Acl/etc/acl.xsd">
    <acl>
        <resources>
            <resource id="Magento_Backend::admin">
                <resource id="Omnyfy_Vendor::base">
                    <resource id="Omnyfy_Vendor::vendor">
                        <resource id="Omnyfy_VendorSignUp::base" title="Vendor SignUp Menu Item" translate="title" sortOrder="105" />
                        <resource id="Omnyfy_VendorSignUp::vendorsignup" title="Vendor SignUp" translate="title" sortOrder="110" />
                        <resource id="Omnyfy_VendorSignUp::omnyfy_vendorsignup_listing" title="Vendor SignUp Listing" translate="title" sortOrder="115" />
                    </resource>
                </resource>
	        </resource>
	    </resources>
    </acl>
</config>
