<?xml version="1.0"?>
<!--
/**
 * Copyright © Magento, Inc. All rights reserved.
 * See COPYING.txt for license details.
 */
-->
<schema xmlns:xsi="http://www.w3.org/2001/XMLSchema-instance" xsi:noNamespaceSchemaLocation="urn:magento:framework:Setup/Declaration/Schema/etc/schema.xsd">
    <!-- Setup table omnyfy_vendor_signup -->
    <table name="omnyfy_vendor_signup" resource="default" engine="innodb">
        <column name="id" xsi:type="int" padding="10" unsigned="true" nullable="false" identity="true" comment="Template ID" />
        <column name="business_name" xsi:type="varchar" length="255" nullable="false" comment="Business Name" />
        <column name="first_name" xsi:type="varchar" length="80" nullable="false" comment="First Name" />
        <column name="last_name" xsi:type="varchar" length="80" nullable="false" comment="Last Name" />
        <column name="business_address" xsi:type="varchar" length="255" nullable="false" comment="Business Address" />
        <column name="city" xsi:type="varchar" length="100" nullable="false" comment="City" />
        <column name="state" xsi:type="varchar" length="100" nullable="false" comment="State" />
        <column name="country" xsi:type="varchar" length="100" nullable="false" comment="Country" />
        <column name="postcode" xsi:type="varchar" length="15" nullable="false" comment="Postcode" />
        <column name="country_code" xsi:type="varchar" length="10" nullable="false" comment="Country Code" />
        <column name="telephone" xsi:type="varchar" length="12" nullable="false" comment="Telephone" />
        <column name="email" xsi:type="varchar" length="100" nullable="false" comment="Email" />
        <column name="legal_entity" xsi:type="varchar" length="255" nullable="false" comment="Legal Entity" />
        <column name="government_number" xsi:type="varchar" length="50" nullable="false" comment="Government Number" />
        <column name="tax_number" xsi:type="varchar" length="50" nullable="false" comment="Tax Number" />
        <column name="abn" xsi:type="varchar" length="50" nullable="false" comment="ABN" />
        <column name="description" xsi:type="text" nullable="false" comment="Description" />
        <column name="created_by" xsi:type="varchar" length="10" nullable="false" comment="Created By" />
        <column name="status" xsi:type="smallint" padding="6" nullable="false" comment="Status" />
        <column name="email_sent" xsi:type="smallint" padding="6" nullable="false" default="0" comment="Flag of email sent" />
        <column name="created_at" xsi:type="timestamp" nullable="false" default="CURRENT_TIMESTAMP" comment="Creation Date" />
        <column name="vendor_type_id" xsi:type="int" padding="10" unsigned="true" nullable="true" comment="Vendor Type ID" />
        <column name="extra_info" xsi:type="text" nullable="true" comment="Extra Information" />
        <column name="extend_attribute" xsi:type="text" nullable="true" comment="Extend Attribute" />
        <column name="payout_basis_type" xsi:type="smallint" nullable="false" default="null" unsigned="false" comment="Vendor Payout Basis Type" />
        <constraint xsi:type="primary" referenceId="PRIMARY">
            <column name="id" />
        </constraint>
    </table>

    <!-- Setup table omnyfy_vendor_kyc_details -->
    <table name="omnyfy_vendor_kyc_details" resource="default" engine="innodb">
        <column name="id" xsi:type="int" padding="10" unsigned="true" nullable="false" identity="true" comment="ID" />
        <column name="vendor_id" xsi:type="int" padding="10" unsigned="true" nullable="false" default="0" comment="vendor ID" />
        <column name="signup_id" xsi:type="int" padding="10" unsigned="true" nullable="false" default="0" comment="vendor ID" />
        <column name="kyc_status" xsi:type="varchar" length="50" nullable="false" comment="KYC Status" />
        <column name="status_code" xsi:type="varchar" length="50" nullable="false" comment="Status Code" />
        <column name="kyc_user_id" xsi:type="varchar" length="100" nullable="false" comment="KYC User Id" />
        <column name="kyc_company_id" xsi:type="varchar" length="100" nullable="false" comment="KYC Company Id" />
        <column name="assembly_response" xsi:type="text" nullable="false" comment="Assembly Pay Response" />
        <column xsi:type="timestamp" name="created_at" nullable="false" default="CURRENT_TIMESTAMP" comment="Created Time" />
        <column xsi:type="timestamp" name="updated_at" nullable="false" default="CURRENT_TIMESTAMP" comment="Updated Time" />

        <constraint xsi:type="primary" referenceId="PRIMARY">
            <column name="id" />
        </constraint>
        <index referenceId="OMNYFY_VENDOR_KYC_DETAILS_VENDOR_ID" indexType="btree">
            <column name="vendor_id" />
        </index>
        <index referenceId="OMNYFY_VENDOR_KYC_DETAILS_SIGNUP_ID" indexType="btree">
            <column name="signup_id" />
        </index>
        <constraint xsi:type="foreign" referenceId="FK_2F04D1F675B86D3B90AF74D52D423953" table="omnyfy_vendor_kyc_details" column="vendor_id" referenceTable="omnyfy_vendor_vendor_entity" referenceColumn="entity_id" onDelete="CASCADE" />
        <constraint xsi:type="foreign" referenceId="OMNYFY_VENDOR_KYC_DETAILS_SIGNUP_ID_OMNYFY_VENDOR_SIGNUP_ID" table="omnyfy_vendor_kyc_details" column="signup_id" referenceTable="omnyfy_vendor_signup" referenceColumn="id" onDelete="CASCADE" />
    </table>

</schema>
